timestep;reward;episode length;entropy;estimated value
50000;-2.8;200.7;1.3857700414824905;1.5511179039091394
100000;-2.9;196.7;1.3859602603996009;1.4749230377825389
